Timestamp,User Count,Type,Name,Requests/s,Failures/s,50%,66%,75%,80%,90%,95%,98%,99%,99.9%,99.99%,100%,Total Request Count,Total Failure Count,Total Median Response Time,Total Average Response Time,Total Min Response Time,Total Max Response Time,Total Average Content Size
1774587841,0,,Aggregated,0.000000,0.000000,N/A,N/A,N/A,N/A,N/A,N/A,N/A,N/A,N/A,N/A,N/A,0,0,0,0.0,0,0,0
1774587842,1,,Aggregated,0.000000,0.000000,N/A,N/A,N/A,N/A,N/A,N/A,N/A,N/A,N/A,N/A,N/A,0,0,0,0.0,0,0,0
1774587843,2,,Aggregated,0.000000,0.000000,1800,1800,1800,1800,1800,1800,1800,1800,1800,1800,1800,1,0,1750.3320000250824,1750.3320000250824,1750.3320000250824,1750.3320000250824,503.0
1774587844,4,,Aggregated,0.000000,0.000000,1800,1800,1800,1800,1800,1800,1800,1800,1800,1800,1800,2,0,1752.3466999991797,1751.339350012131,1750.3320000250824,1752.3466999991797,520.0
1774587845,5,,Aggregated,0.000000,0.000000,1800,1800,1800,1800,1800,1800,1800,1800,1800,1800,1800,3,0,1752.3466999991797,1743.4341666909556,1727.6238000486046,1752.3466999991797,519.3333333333334
1774587846,5,,Aggregated,0.333333,0.000000,1800,1800,1800,1900,1900,1900,1900,1900,1900,1900,1900,5,0,1800.0,1473.7113200128078,252.89770000381395,1885.3563999873586,415.2
1774587847,5,,Aggregated,0.500000,0.000000,1800,1800,1800,1800,1900,1900,1900,1900,1900,1900,1900,7,0,1800.0,1501.3672857229333,252.89770000381395,1885.3563999873586,447.57142857142856
1774587848,5,,Aggregated,0.500000,0.000000,1800,1800,1800,1800,1900,1900,1900,1900,1900,1900,1900,7,0,1800.0,1501.3672857229333,252.89770000381395,1885.3563999873586,447.57142857142856
1774587849,5,,Aggregated,1.000000,0.000000,1700,1800,1800,1800,1900,1900,1900,1900,1900,1900,1900,9,0,1700.0,1527.1474333389456,252.89770000381395,1885.3563999873586,456.0
1774587850,5,,Aggregated,1.000000,0.000000,1600,1700,1800,1800,1800,1900,1900,1900,1900,1900,1900,12,0,1600.0,1513.408900005743,252.89770000381395,1885.3563999873586,475.75
1774587851,5,,Aggregated,1.000000,0.000000,1600,1700,1800,1800,1800,1900,1900,1900,1900,1900,1900,12,0,1600.0,1513.408900005743,252.89770000381395,1885.3563999873586,475.75
1774587852,5,,Aggregated,1.111111,0.000000,1600,1700,1800,1800,1800,1900,1900,1900,1900,1900,1900,14,0,1600.0,1403.2590142908573,249.25789999542758,1885.3563999873586,447.07142857142856
1774587853,5,,Aggregated,1.200000,0.000000,1600,1600,1800,1800,1800,1900,1900,1900,1900,1900,1900,15,0,1600.0,1327.071386668831,249.25789999542758,1885.3563999873586,417.26666666666665
1774587854,5,,Aggregated,1.300000,0.000000,1500,1600,1700,1800,1800,1900,1900,1900,1900,1900,1900,19,0,1500.0,1283.1699263188057,249.25789999542758,1885.3563999873586,412.5263157894737
1774587855,5,,Aggregated,1.400000,0.000000,1500,1600,1700,1800,1800,1900,1900,1900,1900,1900,1900,20,0,1400.0,1281.127305002883,249.25789999542758,1885.3563999873586,416.35
1774587856,5,,Aggregated,1.400000,0.000000,1500,1600,1700,1800,1800,1900,1900,1900,1900,1900,1900,20,0,1400.0,1281.127305002883,249.25789999542758,1885.3563999873586,416.35
1774587857,5,,Aggregated,1.700000,0.000000,1400,1600,1600,1700,1800,1800,1900,1900,1900,1900,1900,23,0,1400.0,1295.2774739140928,249.25789999542758,1885.3563999873586,432.9130434782609
1774587858,5,,Aggregated,1.700000,0.000000,1400,1600,1600,1700,1800,1800,1900,1900,1900,1900,1900,23,0,1400.0,1295.2774739140928,249.25789999542758,1885.3563999873586,432.9130434782609
1774587859,5,,Aggregated,1.500000,0.000000,1400,1500,1600,1700,1800,1800,1900,1900,1900,1900,1900,25,0,1400.0,1300.1028959988616,249.25789999542758,1885.3563999873586,440.04
1774587860,5,,Aggregated,1.600000,0.000000,1400,1500,1600,1600,1800,1800,1900,1900,1900,1900,1900,28,0,1400.0,1238.3918678554307,249.25789999542758,1885.3563999873586,412.5357142857143
1774587861,5,,Aggregated,1.600000,0.000000,1400,1500,1600,1600,1800,1800,1900,1900,1900,1900,1900,28,0,1400.0,1238.3918678554307,249.25789999542758,1885.3563999873586,412.5357142857143
1774587862,5,,Aggregated,1.600000,0.000000,1400,1500,1600,1600,1800,1800,1900,1900,1900,1900,1900,31,0,1400.0,1177.9355903216187,249.25789999542758,1885.3563999873586,390.35483870967744
1774587863,5,,Aggregated,1.600000,0.000000,1400,1500,1600,1600,1800,1800,1900,1900,1900,1900,1900,32,0,1400.0,1186.2931343748642,249.25789999542758,1885.3563999873586,395.34375
1774587864,5,,Aggregated,1.500000,0.000000,1400,1400,1500,1600,1800,1800,1900,1900,1900,1900,1900,34,0,1400.0,1197.8402735292227,249.25789999542758,1885.3563999873586,401.70588235294116
1774587865,5,,Aggregated,1.700000,0.000000,1400,1400,1500,1600,1800,1800,1900,1900,1900,1900,1900,35,0,1400.0,1199.5993485707525,249.25789999542758,1885.3563999873586,403.6
1774587866,5,,Aggregated,1.600000,0.000000,1400,1400,1500,1600,1800,1800,1900,1900,1900,1900,1900,37,0,1400.0,1209.5349675683128,249.25789999542758,1885.3563999873586,410.13513513513516
1774587867,5,,Aggregated,1.500000,0.000000,1400,1400,1500,1600,1800,1800,1900,1900,1900,1900,1900,38,0,1400.0,1214.9643210531824,249.25789999542758,1885.3563999873586,413.1578947368421
1774587868,5,,Aggregated,1.500000,0.000000,1400,1400,1500,1600,1800,1800,1900,1900,1900,1900,1900,40,0,1400.0,1222.3864650004543,249.25789999542758,1885.3563999873586,417.675
1774587869,5,,Aggregated,1.600000,0.000000,1400,1400,1500,1500,1700,1800,1900,1900,1900,1900,1900,43,0,1400.0,1154.5669209309528,248.94790002144873,1885.3563999873586,388.5348837209302
1774587870,5,,Aggregated,1.500000,0.000000,1400,1400,1400,1500,1700,1800,1900,1900,1900,1900,1900,45,0,1400.0,1137.912075556556,248.94790002144873,1885.3563999873586,382.93333333333334
1774587871,5,,Aggregated,1.800000,0.000000,1400,1400,1400,1500,1700,1800,1900,1900,1900,1900,1900,46,0,1400.0,1143.743800001887,248.94790002144873,1885.3563999873586,385.8695652173913
1774587872,5,,Aggregated,1.700000,0.000000,1400,1400,1400,1500,1700,1800,1900,1900,1900,1900,1900,48,0,1300.0,1150.440789584536,248.94790002144873,1885.3563999873586,392.25
1774587873,5,,Aggregated,1.700000,0.000000,1300,1400,1400,1500,1700,1800,1900,1900,1900,1900,1900,49,0,1300.0,1132.111285715744,248.94790002144873,1885.3563999873586,384.2448979591837
1774587874,5,,Aggregated,1.900000,0.000000,1300,1400,1400,1500,1600,1800,1800,1900,1900,1900,1900,51,0,1300.0,1142.2155666674087,248.94790002144873,1885.3563999873586,389.29411764705884
1774587875,5,,Aggregated,1.700000,0.000000,1300,1400,1400,1500,1600,1800,1800,1900,1900,1900,1900,53,0,1300.0,1150.4508528313688,248.94790002144873,1885.3563999873586,393.811320754717
1774587876,5,,Aggregated,1.800000,0.000000,1300,1400,1400,1500,1600,1800,1800,1900,1900,1900,1900,54,0,1300.0,1133.9800314831168,248.94790002144873,1885.3563999873586,386.51851851851853
1774587877,5,,Aggregated,1.700000,0.000000,1300,1400,1400,1500,1600,1800,1800,1900,1900,1900,1900,55,0,1300.0,1140.0286200011826,248.94790002144873,1885.3563999873586,389.4909090909091
1774587878,5,,Aggregated,1.800000,0.000000,1400,1400,1500,1500,1600,1800,1800,1900,1900,1900,1900,58,0,1400.0,1156.6521896557192,248.94790002144873,1885.3563999873586,394.87931034482756
1774587879,5,,Aggregated,1.700000,0.000000,1400,1400,1500,1500,1600,1800,1800,1900,1900,1900,1900,59,0,1400.0,1158.6000067803425,248.94790002144873,1885.3563999873586,397.6779661016949
1774587880,5,,Aggregated,1.700000,0.000000,1400,1400,1500,1500,1600,1800,1800,1900,1900,1900,1900,59,0,1400.0,1158.6000067803425,248.94790002144873,1885.3563999873586,397.6779661016949
1774587881,5,,Aggregated,1.600000,0.000000,1400,1400,1500,1500,1600,1800,1800,1900,1900,1900,1900,63,0,1400.0,1183.433828571449,248.94790002144873,1885.3563999873586,405.55555555555554
1774587882,5,,Aggregated,1.600000,0.000000,1400,1400,1500,1500,1600,1800,1800,1900,1900,1900,1900,64,0,1400.0,1186.0576828121339,248.94790002144873,1885.3563999873586,407.609375
1774587883,5,,Aggregated,1.400000,0.000000,1400,1400,1500,1500,1600,1800,1800,1900,1900,1900,1900,65,0,1400.0,1186.8473476918343,248.94790002144873,1885.3563999873586,409.4
1774587884,5,,Aggregated,1.400000,0.000000,1400,1400,1500,1500,1600,1800,1800,1900,1900,1900,1900,65,0,1400.0,1186.8473476918343,248.94790002144873,1885.3563999873586,409.4
1774587885,5,,Aggregated,1.600000,0.000000,1400,1400,1500,1500,1700,1800,1900,1900,1900,1900,1900,67,0,1400.0,1207.707432834536,248.94790002144873,1917.9118999745697,413.55223880597015
1774587886,5,,Aggregated,1.600000,0.000000,1400,1400,1500,1500,1700,1800,1900,1900,1900,1900,1900,69,0,1400.0,1217.707081157984,248.94790002144873,1917.9118999745697,416.9710144927536
1774587887,5,,Aggregated,1.600000,0.000000,1400,1400,1500,1500,1700,1800,1900,1900,1900,1900,1900,69,0,1400.0,1217.707081157984,248.94790002144873,1917.9118999745697,416.9710144927536
1774587888,5,,Aggregated,1.600000,0.000000,1400,1500,1500,1600,1600,1800,1900,1900,1900,1900,1900,72,0,1400.0,1231.7732888881842,248.94790002144873,1917.9118999745697,421.44444444444446
1774587889,5,,Aggregated,1.500000,0.000000,1400,1500,1500,1600,1600,1800,1900,1900,1900,1900,1900,75,0,1400.0,1222.8779106672544,248.94790002144873,1917.9118999745697,418.85333333333335
1774587890,5,,Aggregated,1.300000,0.000000,1400,1500,1500,1500,1600,1800,1900,1900,1900,1900,1900,76,0,1400.0,1210.0813565798728,248.94790002144873,1917.9118999745697,413.3421052631579
1774587891,5,,Aggregated,1.300000,0.000000,1400,1500,1500,1500,1600,1800,1900,1900,1900,1900,1900,76,0,1400.0,1210.0813565798728,248.94790002144873,1917.9118999745697,413.3421052631579
1774587892,5,,Aggregated,1.600000,0.000000,1400,1500,1500,1600,1600,1800,1900,1900,1900,1900,1900,80,0,1400.0,1226.0375875004684,248.94790002144873,1917.9118999745697,417.9
1774587893,5,,Aggregated,1.600000,0.000000,1400,1500,1500,1600,1600,1800,1900,1900,1900,1900,1900,80,0,1400.0,1226.0375875004684,248.94790002144873,1917.9118999745697,417.9
1774587894,5,,Aggregated,1.300000,0.000000,1400,1500,1500,1600,1600,1800,1900,1900,1900,1900,1900,81,0,1400.0,1227.180169136436,248.94790002144873,1917.9118999745697,419.5308641975309
1774587896,5,,Aggregated,1.300000,0.000000,1400,1500,1500,1600,1600,1800,1900,1900,1900,1900,1900,81,0,1400.0,1227.180169136436,248.94790002144873,1917.9118999745697,419.5308641975309
1774587897,5,,Aggregated,1.500000,0.000000,1400,1500,1500,1600,1800,1800,1900,2100,2100,2100,2100,84,0,1400.0,1251.3044273828632,248.94790002144873,2103.4014000324532,422.9047619047619
1774587898,5,,Aggregated,1.600000,0.000000,1400,1500,1600,1600,1800,1900,2000,2100,2100,2100,2100,86,0,1400.0,1263.7089883744836,248.94790002144873,2103.4014000324532,425.33720930232556
1774587899,5,,Aggregated,1.200000,0.000000,1400,1500,1600,1600,1800,1900,2000,2100,2100,2100,2100,87,0,1400.0,1252.112313795262,248.94790002144873,2103.4014000324532,420.44827586206895
1774587900,5,,Aggregated,1.200000,0.000000,1400,1500,1600,1600,1800,1900,2000,2100,2100,2100,2100,87,0,1400.0,1252.112313795262,248.94790002144873,2103.4014000324532,420.44827586206895
1774587901,5,,Aggregated,1.700000,0.000000,1400,1500,1600,1600,1800,1900,2000,2100,2100,2100,2100,88,0,1400.0,1253.9386670475571,248.94790002144873,2103.4014000324532,421.92045454545456
1774587902,5,,Aggregated,1.200000,0.000000,1400,1500,1600,1600,1800,2000,2500,2500,2500,2500,2500,91,0,1400.0,1292.1407373646366,248.94790002144873,2519.8884999845177,425.16483516483515
1774587903,5,,Aggregated,1.200000,0.000000,1400,1500,1600,1600,1800,2000,2500,2500,2500,2500,2500,93,0,1400.0,1293.3383322601276,248.94790002144873,2519.8884999845177,427.7096774193548
1774587904,5,,Aggregated,1.200000,0.000000,1400,1500,1600,1600,1800,2000,2500,2500,2500,2500,2500,93,0,1400.0,1293.3383322601276,248.94790002144873,2519.8884999845177,427.7096774193548
1774587905,5,,Aggregated,1.200000,0.000000,1400,1500,1600,1600,1800,2000,2500,2500,2500,2500,2500,95,0,1400.0,1296.1037852648205,248.94790002144873,2519.8884999845177,429.8315789473684
1774587906,5,,Aggregated,1.200000,0.000000,1400,1500,1600,1600,1800,2000,2500,2500,2500,2500,2500,98,0,1400.0,1286.160096940727,248.94790002144873,2519.8884999845177,426.92857142857144
1774587907,5,,Aggregated,1.400000,0.000000,1400,1500,1600,1600,1800,2000,2500,2500,2500,2500,2500,100,0,1400.0,1286.861195001984,248.94790002144873,2519.8884999845177,429.14
1774587908,5,,Aggregated,1.400000,0.000000,1400,1500,1500,1600,1800,1900,2200,2500,2500,2500,2500,101,0,1400.0,1276.6089891106592,248.94790002144873,2519.8884999845177,424.8910891089109
1774587909,5,,Aggregated,1.700000,0.000000,1400,1500,1500,1600,1800,1900,2200,2500,2500,2500,2500,102,0,1400.0,1266.5223235312355,247.76910000946373,2519.8884999845177,420.72549019607845
1774587910,5,,Aggregated,1.500000,0.000000,1400,1500,1600,1600,1800,1900,2200,2500,2500,2500,2500,104,0,1400.0,1270.679264424521,247.76910000946373,2519.8884999845177,422.1730769230769
1774587911,5,,Aggregated,1.500000,0.000000,1400,1500,1500,1600,1800,1900,2200,2500,2500,2500,2500,107,0,1400.0,1276.3025542078149,247.76910000946373,2519.8884999845177,424.7570093457944
1774587912,5,,Aggregated,1.500000,0.000000,1400,1500,1500,1600,1800,1900,2200,2500,2500,2500,2500,108,0,1400.0,1266.7832824097584,247.76910000946373,2519.8884999845177,420.8240740740741
1774587913,5,,Aggregated,1.700000,0.000000,1400,1500,1500,1600,1800,1900,2200,2500,2500,2500,2500,110,0,1400.0,1248.3313818208196,247.76910000946373,2519.8884999845177,413.1727272727273
1774587914,5,,Aggregated,1.700000,0.000000,1400,1500,1500,1600,1800,1900,2200,2500,2500,2500,2500,110,0,1400.0,1248.3313818208196,247.76910000946373,2519.8884999845177,413.1727272727273
1774587915,5,,Aggregated,2.000000,0.000000,1400,1500,1500,1600,1800,1900,2200,2500,2500,2500,2500,113,0,1400.0,1255.508534516006,247.76910000946373,2519.8884999845177,416.4070796460177
1774587916,5,,Aggregated,1.700000,0.000000,1400,1500,1500,1600,1800,1900,2200,2500,2500,2500,2500,114,0,1400.0,1256.4200693006187,247.76910000946373,2519.8884999845177,417.359649122807
1774587917,5,,Aggregated,1.700000,0.000000,1400,1500,1500,1600,1800,1900,2200,2500,2500,2500,2500,117,0,1400.0,1239.2875658145222,247.76910000946373,2519.8884999845177,410.8376068376068
1774587918,5,,Aggregated,1.800000,0.000000,1400,1500,1500,1600,1800,1900,2200,2500,2500,2500,2500,118,0,1400.0,1239.3647144090826,247.76910000946373,2519.8884999845177,411.8813559322034
1774587919,5,,Aggregated,1.600000,0.000000,1400,1500,1500,1600,1800,1900,2200,2500,2500,2500,2500,119,0,1400.0,1231.4634176490617,247.76910000946373,2519.8884999845177,408.4201680672269
1774587920,5,,Aggregated,1.600000,0.000000,1400,1500,1500,1600,1800,1900,2200,2500,2500,2500,2500,119,0,1400.0,1231.4634176490617,247.76910000946373,2519.8884999845177,408.4201680672269
1774587921,5,,Aggregated,1.700000,0.000000,1400,1500,1500,1600,1800,1900,2200,2500,2500,2500,2500,123,0,1400.0,1240.2389373997514,247.76910000946373,2519.8884999845177,412.4308943089431
1774587922,5,,Aggregated,1.600000,0.000000,1400,1500,1500,1600,1800,1900,2200,2500,2500,2500,2500,124,0,1400.0,1240.6535927434413,247.76910000946373,2519.8884999845177,413.43548387096774
1774587923,5,,Aggregated,1.800000,0.000000,1400,1500,1500,1600,1800,1900,2200,2500,2500,2500,2500,125,0,1400.0,1242.2662088018842,247.76910000946373,2519.8884999845177,414.288
1774587924,5,,Aggregated,1.800000,0.000000,1400,1500,1500,1600,1800,1900,2200,2500,2500,2500,2500,127,0,1400.0,1245.327203938789,247.76910000946373,2519.8884999845177,415.8582677165354
1774587925,5,,Aggregated,1.500000,0.000000,1400,1500,1500,1600,1800,1900,2200,2500,2500,2500,2500,130,0,1400.0,1239.1616800011923,247.76910000946373,2519.8884999845177,413.9923076923077
1774587926,5,,Aggregated,1.700000,0.000000,1400,1500,1500,1600,1700,1900,2200,2500,2500,2500,2500,131,0,1400.0,1231.6167282455117,247.76910000946373,2519.8884999845177,410.8320610687023
1774587927,5,,Aggregated,1.700000,0.000000,1400,1500,1500,1600,1700,1900,2200,2500,2500,2500,2500,131,0,1400.0,1231.6167282455117,247.76910000946373,2519.8884999845177,410.8320610687023
1774587928,5,,Aggregated,1.600000,0.000000,1400,1500,1500,1600,1700,1900,2200,2500,2500,2500,2500,135,0,1400.0,1218.5255600010148,247.76910000946373,2519.8884999845177,406.27407407407406
1774587929,5,,Aggregated,1.600000,0.000000,1400,1500,1500,1600,1700,1900,2200,2500,2500,2500,2500,136,0,1400.0,1218.9533308834036,247.76910000946373,2519.8884999845177,407.1470588235294
1774587930,5,,Aggregated,1.400000,0.000000,1400,1500,1500,1600,1700,1900,2200,2500,2500,2500,2500,137,0,1400.0,1211.8863218989102,247.76910000946373,2519.8884999845177,404.17518248175185
1774587931,5,,Aggregated,1.700000,0.000000,1400,1500,1500,1600,1700,1900,2200,2500,2500,2500,2500,139,0,1400.0,1214.4690302167953,247.76910000946373,2519.8884999845177,405.6546762589928
1774587932,5,,Aggregated,1.700000,0.000000,1400,1500,1500,1600,1700,1900,2200,2500,2500,2500,2500,140,0,1400.0,1215.2345585724106,247.76910000946373,2519.8884999845177,406.75714285714287
1774587933,5,,Aggregated,1.800000,0.000000,1400,1400,1500,1500,1600,1900,2200,2500,2500,2500,2500,142,0,1400.0,1216.5999873250257,247.76910000946373,2519.8884999845177,408.5633802816901
1774587934,5,,Aggregated,1.700000,0.000000,1400,1500,1500,1500,1600,1900,2200,2500,2500,2500,2500,144,0,1400.0,1219.6933993064804,247.76910000946373,2519.8884999845177,410.59722222222223
1774587935,5,,Aggregated,1.700000,0.000000,1400,1400,1500,1500,1600,1900,2200,2500,2500,2500,2500,145,0,1400.0,1221.060486897778,247.76910000946373,2519.8884999845177,411.5586206896552
1774587936,5,,Aggregated,1.800000,0.000000,1400,1400,1500,1500,1600,1900,2200,2500,2500,2500,2500,147,0,1400.0,1222.739378232303,247.76910000946373,2519.8884999845177,413.08843537414964
1774587937,5,,Aggregated,1.500000,0.000000,1400,1400,1500,1500,1600,1900,2200,2500,2500,2500,2500,148,0,1400.0,1222.9535027035054,247.76910000946373,2519.8884999845177,413.60135135135135
1774587938,5,,Aggregated,1.700000,0.000000,1400,1500,1500,1500,1600,1900,2200,2500,2500,2500,2500,150,0,1400.0,1227.2344780010947,247.76910000946373,2519.8884999845177,415.25333333333333
1774587939,5,,Aggregated,1.700000,0.000000,1400,1500,1500,1500,1600,1900,2100,2500,2500,2500,2500,152,0,1400.0,1229.7802506589887,247.76910000946373,2519.8884999845177,416.6907894736842
1774587940,5,,Aggregated,1.700000,0.000000,1400,1500,1500,1500,1600,1900,2100,2500,2500,2500,2500,152,0,1400.0,1229.7802506589887,247.76910000946373,2519.8884999845177,416.6907894736842
1774587941,5,,Aggregated,1.600000,0.000000,1400,1500,1500,1500,1600,1900,2100,2500,2500,2500,2500,154,0,1400.0,1232.900454546325,247.76910000946373,2519.8884999845177,417.90909090909093
1774587942,5,,Aggregated,1.600000,0.000000,1400,1500,1500,1500,1600,1900,2100,2500,2500,2500,2500,154,0,1400.0,1232.900454546325,247.76910000946373,2519.8884999845177,417.90909090909093
1774587943,5,,Aggregated,1.500000,0.000000,1400,1500,1500,1600,1800,1900,2200,2500,2500,2500,2500,157,0,1400.0,1250.5147070071519,247.76910000946373,2519.8884999845177,420.21019108280257
1774587944,5,,Aggregated,1.500000,0.000000,1400,1500,1500,1600,1800,1900,2200,2500,2500,2500,2500,157,0,1400.0,1250.5147070071519,247.76910000946373,2519.8884999845177,420.21019108280257
1774587945,5,,Aggregated,1.500000,0.000000,1400,1500,1500,1600,1800,1900,2200,2500,2500,2500,2500,159,0,1400.0,1254.4487194976705,247.76910000946373,2519.8884999845177,421.1698113207547
1774587946,5,,Aggregated,1.500000,0.000000,1400,1500,1500,1600,1700,1900,2200,2500,2500,2500,2500,161,0,1400.0,1256.8769118020466,247.76910000946373,2519.8884999845177,422.6894409937888
1774587947,5,,Aggregated,1.500000,0.000000,1400,1500,1500,1600,1700,1900,2200,2500,2500,2500,2500,162,0,1400.0,1256.9428716055377,247.76910000946373,2519.8884999845177,422.9691358024691
1774587948,5,,Aggregated,1.400000,0.000000,1400,1500,1500,1600,1700,1900,2200,2500,2500,2500,2500,164,0,1400.0,1250.8992640253316,247.76910000946373,2519.8884999845177,421.0060975609756
1774587949,5,,Aggregated,1.400000,0.000000,1400,1500,1500,1600,1700,1900,2200,2500,2500,2500,2500,166,0,1400.0,1251.6821945792328,247.76910000946373,2519.8884999845177,421.9096385542169
1774587950,5,,Aggregated,1.500000,0.000000,1400,1500,1500,1600,1700,1900,2200,2500,2500,2500,2500,168,0,1400.0,1252.4080142868029,247.76910000946373,2519.8884999845177,423.2142857142857
1774587951,5,,Aggregated,1.200000,0.000000,1400,1500,1500,1600,1700,1900,2200,2500,2500,2500,2500,169,0,1400.0,1252.3153000011814,247.76910000946373,2519.8884999845177,423.81065088757396
1774587952,5,,Aggregated,1.400000,0.000000,1400,1500,1500,1600,1700,1900,2200,2500,2500,2500,2500,170,0,1400.0,1246.593581765945,247.76910000946373,2519.8884999845177,421.3176470588235
1774587953,5,,Aggregated,1.500000,0.000000,1400,1500,1500,1500,1600,1900,2200,2500,2500,2500,2500,172,0,1400.0,1247.5804412804496,247.76910000946373,2519.8884999845177,422.7848837209302
1774587954,5,,Aggregated,1.500000,0.000000,1400,1400,1500,1500,1600,1900,2200,2500,2500,2500,2500,174,0,1400.0,1248.3318511509717,247.76910000946373,2519.8884999845177,423.7931034482759
1774587955,5,,Aggregated,1.500000,0.000000,1400,1400,1500,1500,1600,1900,2200,2500,2500,2500,2500,174,0,1400.0,1248.3318511509717,247.76910000946373,2519.8884999845177,423.7931034482759
1774587956,5,,Aggregated,1.500000,0.000000,1400,1500,1500,1500,1600,1900,2200,2500,2500,2500,2500,177,0,1400.0,1252.7864508483412,247.76910000946373,2519.8884999845177,425.40677966101697
1774587957,5,,Aggregated,1.500000,0.000000,1400,1500,1500,1500,1600,1900,2200,2500,2500,2500,2500,178,0,1400.0,1253.5948000005917,247.76910000946373,2519.8884999845177,425.938202247191
1774587958,5,,Aggregated,1.500000,0.000000,1400,1500,1500,1500,1600,1900,2200,2500,2500,2500,2500,178,0,1400.0,1253.5948000005917,247.76910000946373,2519.8884999845177,425.938202247191
1774587959,5,,Aggregated,1.600000,0.000000,1400,1500,1500,1500,1600,1900,2200,2500,2500,2500,2500,181,0,1400.0,1250.1510795587237,247.76910000946373,2519.8884999845177,424.2817679558011
1774587960,5,,Aggregated,1.500000,0.000000,1400,1500,1500,1500,1600,1900,2200,2500,2500,2500,2500,183,0,1400.0,1251.8252087438916,247.76910000946373,2519.8884999845177,425.4918032786885
1774587961,5,,Aggregated,1.500000,0.000000,1400,1500,1500,1500,1600,1900,2200,2500,2500,2500,2500,184,0,1400.0,1252.144135326924,247.76910000946373,2519.8884999845177,426.2228260869565
1774587962,5,,Aggregated,1.600000,0.000000,1400,1500,1500,1500,1600,1900,2200,2500,2500,2500,2500,186,0,1400.0,1253.1810241944772,247.76910000946373,2519.8884999845177,427.09139784946234
1774587963,5,,Aggregated,1.500000,0.000000,1400,1500,1500,1500,1600,1900,2200,2500,2500,2500,2500,187,0,1400.0,1253.5442502681728,247.76910000946373,2519.8884999845177,427.7486631016043
1774587964,5,,Aggregated,1.500000,0.000000,1400,1500,1500,1500,1600,1900,2200,2500,2500,2500,2500,188,0,1400.0,1255.066931915551,247.76910000946373,2519.8884999845177,428.1489361702128
1774587965,5,,Aggregated,1.500000,0.000000,1400,1500,1500,1500,1600,1900,2200,2500,2500,2500,2500,191,0,1400.0,1250.5522492157017,247.76910000946373,2519.8884999845177,427.0785340314136
1774587966,5,,Aggregated,1.600000,0.000000,1400,1400,1500,1500,1600,1900,2200,2500,2500,2500,2500,193,0,1400.0,1251.129054923426,247.76910000946373,2519.8884999845177,428.1295336787565
1774587967,5,,Aggregated,1.400000,0.000000,1400,1400,1500,1500,1600,1900,2200,2500,2500,2500,2500,195,0,1400.0,1245.9866600009636,247.76910000946373,2519.8884999845177,426.24615384615385
1774587968,5,,Aggregated,1.400000,0.000000,1400,1400,1500,1500,1600,1900,2200,2500,2500,2500,2500,195,0,1400.0,1245.9866600009636,247.76910000946373,2519.8884999845177,426.24615384615385
1774587969,5,,Aggregated,1.700000,0.000000,1400,1400,1500,1500,1600,1900,2200,2500,2500,2500,2500,196,0,1400.0,1245.9717352051355,247.76910000946373,2519.8884999845177,426.8775510204082
1774587970,5,,Aggregated,1.700000,0.000000,1400,1400,1500,1500,1600,1900,2200,2500,2500,2500,2500,198,0,1400.0,1248.567525758655,247.76910000946373,2519.8884999845177,427.57575757575756
1774587971,5,,Aggregated,1.700000,0.000000,1400,1500,1500,1500,1600,1900,2200,2500,2500,2500,2500,200,0,1400.0,1250.4432965011802,247.76910000946373,2519.8884999845177,428.725
1774587972,5,,Aggregated,1.400000,0.000000,1400,1400,1500,1500,1600,1900,2200,2400,2500,2500,2500,202,0,1400.0,1245.9103445557641,247.76910000946373,2519.8884999845177,427.2524752475247
1774587973,5,,Aggregated,1.700000,0.000000,1400,1500,1500,1500,1600,1900,2200,2400,2500,2500,2500,205,0,1400.0,1249.8900175622732,247.76910000946373,2519.8884999845177,428.78536585365856
1774587974,5,,Aggregated,1.700000,0.000000,1400,1500,1500,1500,1600,1900,2200,2400,2500,2500,2500,205,0,1400.0,1249.8900175622732,247.76910000946373,2519.8884999845177,428.78536585365856
1774587975,5,,Aggregated,1.700000,0.000000,1400,1500,1500,1500,1600,1900,2200,2400,2500,2500,2500,208,0,1400.0,1240.2526307708356,247.76910000946373,2519.8884999845177,425.0192307692308
1774587976,5,,Aggregated,1.700000,0.000000,1400,1400,1500,1500,1600,1900,2200,2400,2500,2500,2500,209,0,1400.0,1240.2586397145647,247.76910000946373,2519.8884999845177,425.49282296650716
1774587977,5,,Aggregated,2.000000,0.000000,1400,1500,1500,1500,1600,1900,2200,2400,2500,2500,2500,211,0,1400.0,1243.0652061626822,247.76910000946373,2519.8884999845177,425.9952606635071
1774587978,5,,Aggregated,1.700000,0.000000,1400,1500,1500,1500,1600,1900,2200,2400,2500,2500,2500,213,0,1400.0,1244.3724873253284,247.76910000946373,2519.8884999845177,426.98591549295776
1774587979,5,,Aggregated,1.700000,0.000000,1400,1500,1500,1500,1600,1900,2200,2400,2500,2500,2500,213,0,1400.0,1244.3724873253284,247.76910000946373,2519.8884999845177,426.98591549295776
1774587980,5,,Aggregated,1.700000,0.000000,1400,1500,1500,1500,1600,1900,2200,2400,2500,2500,2500,215,0,1400.0,1245.510583722336,247.76910000946373,2519.8884999845177,427.7627906976744
1774587981,5,,Aggregated,1.700000,0.000000,1400,1500,1500,1500,1600,1900,2200,2400,2500,2500,2500,218,0,1400.0,1242.1627440380355,247.76910000946373,2519.8884999845177,426.58715596330273
1774587982,5,,Aggregated,1.700000,0.000000,1400,1500,1500,1500,1600,1900,2200,2400,2500,2500,2500,218,0,1400.0,1242.1627440380355,247.76910000946373,2519.8884999845177,426.58715596330273
1774587983,5,,Aggregated,1.600000,0.000000,1400,1500,1500,1500,1600,1800,2200,2400,2500,2500,2500,221,0,1400.0,1246.060791404073,247.76910000946373,2519.8884999845177,427.868778280543
1774587984,5,,Aggregated,1.700000,0.000000,1400,1500,1500,1500,1600,1800,2200,2400,2500,2500,2500,222,0,1400.0,1246.4440216230091,247.76910000946373,2519.8884999845177,428.36036036036035
1774587985,5,,Aggregated,1.600000,0.000000,1400,1500,1500,1500,1600,1800,2200,2400,2500,2500,2500,225,0,1400.0,1238.9423604454432,247.76910000946373,2519.8884999845177,424.96
1774587986,5,,Aggregated,1.600000,0.000000,1400,1500,1500,1500,1600,1800,2200,2400,2500,2500,2500,226,0,1400.0,1239.6181477885384,247.76910000946373,2519.8884999845177,425.4026548672566
1774587987,5,,Aggregated,1.600000,0.000000,1400,1500,1500,1500,1600,1800,2200,2400,2500,2500,2500,226,0,1400.0,1239.6181477885384,247.76910000946373,2519.8884999845177,425.4026548672566
1774587988,5,,Aggregated,1.700000,0.000000,1400,1400,1500,1500,1600,1800,2200,2400,2500,2500,2500,230,0,1400.0,1231.8139778267916,247.76910000946373,2519.8884999845177,422.16521739130434
1774587989,5,,Aggregated,1.700000,0.000000,1400,1400,1500,1500,1600,1800,2200,2400,2500,2500,2500,231,0,1400.0,1231.8979112561933,247.76910000946373,2519.8884999845177,422.76190476190476
1774587990,5,,Aggregated,1.400000,0.000000,1400,1400,1500,1500,1600,1800,2200,2400,2500,2500,2500,232,0,1400.0,1232.6317116387834,247.76910000946373,2519.8884999845177,422.9568965517241
1774587991,5,,Aggregated,1.700000,0.000000,1400,1400,1500,1500,1600,1800,2200,2400,2500,2500,2500,235,0,1400.0,1229.398869787977,247.76910000946373,2519.8884999845177,422.2255319148936
1774587992,5,,Aggregated,1.700000,0.000000,1400,1400,1500,1500,1600,1800,2200,2400,2500,2500,2500,235,0,1400.0,1229.398869787977,247.76910000946373,2519.8884999845177,422.2255319148936
1774587993,5,,Aggregated,1.700000,0.000000,1400,1400,1500,1500,1600,1800,2200,2400,2500,2500,2500,237,0,1400.0,1230.6458388191436,247.76910000946373,2519.8884999845177,423.23628691983123
1774587994,5,,Aggregated,1.700000,0.000000,1400,1400,1500,1500,1600,1800,2200,2400,2500,2500,2500,240,0,1400.0,1227.2144491675135,247.76910000946373,2519.8884999845177,421.84583333333336
1774587995,5,,Aggregated,1.700000,0.000000,1400,1400,1500,1500,1600,1800,2200,2400,2500,2500,2500,240,0,1400.0,1227.2144491675135,247.76910000946373,2519.8884999845177,421.84583333333336
1774587996,5,,Aggregated,1.700000,0.000000,1400,1400,1500,1500,1600,1800,2200,2400,2500,2500,2500,241,0,1400.0,1223.156085892878,247.76910000946373,2519.8884999845177,420.0954356846473
1774587997,5,,Aggregated,1.800000,0.000000,1400,1400,1500,1500,1600,1800,2200,2400,2500,2500,2500,244,0,1400.0,1226.983935246578,247.76910000946373,2519.8884999845177,421.4385245901639
1774587998,5,,Aggregated,1.600000,0.000000,1400,1400,1500,1500,1600,1800,2200,2400,2500,2500,2500,245,0,1400.0,1227.1190195926465,247.76910000946373,2519.8884999845177,422.0040816326531
1774587999,5,,Aggregated,1.600000,0.000000,1400,1400,1500,1500,1600,1800,2200,2400,2500,2500,2500,245,0,1400.0,1227.1190195926465,247.76910000946373,2519.8884999845177,422.0040816326531
1774588000,5,,Aggregated,1.800000,0.000000,1400,1400,1500,1500,1600,1800,2200,2400,2500,2500,2500,247,0,1400.0,1223.1849263165795,247.5436999811791,2519.8884999845177,420.7085020242915
1774588001,5,,Aggregated,1.500000,0.000000,1400,1400,1500,1500,1600,1800,2200,2400,2500,2500,2500,250,0,1400.0,1225.4489316006657,247.5436999811791,2519.8884999845177,421.824
1774588002,5,,Aggregated,1.500000,0.000000,1400,1400,1500,1500,1600,1800,2200,2400,2500,2500,2500,250,0,1400.0,1225.4489316006657,247.5436999811791,2519.8884999845177,421.824
1774588003,5,,Aggregated,1.400000,0.000000,1400,1400,1500,1500,1600,1800,2100,2400,2500,2500,2500,252,0,1400.0,1226.3482531755774,247.5436999811791,2519.8884999845177,422.5952380952381
1774588004,5,,Aggregated,1.500000,0.000000,1400,1400,1500,1500,1600,1800,2100,2400,2500,2500,2500,253,0,1400.0,1222.4855150207472,247.5436999811791,2519.8884999845177,420.92490118577075
1774588005,5,,Aggregated,1.500000,0.000000,1400,1400,1500,1500,1600,1800,2100,2400,2500,2500,2500,255,0,1400.0,1224.0687203931384,247.5436999811791,2519.8884999845177,421.4313725490196
1774588006,5,,Aggregated,1.500000,0.000000,1400,1400,1500,1500,1600,1800,2100,2400,2500,2500,2500,259,0,1400.0,1217.5493505801358,247.5436999811791,2519.8884999845177,418.6718146718147
1774588008,5,,Aggregated,1.300000,0.000000,1400,1400,1500,1500,1600,1800,2100,2400,2500,2500,2500,260,0,1400.0,1217.9210073086253,247.5436999811791,2519.8884999845177,418.9423076923077
1774588009,5,,Aggregated,1.500000,0.000000,1400,1400,1500,1500,1600,1800,2100,2400,2500,2500,2500,261,0,1400.0,1218.8338363994542,247.5436999811791,2519.8884999845177,419.32183908045977
1774588010,5,,Aggregated,1.600000,0.000000,1400,1400,1500,1500,1600,1800,2100,2400,2500,2500,2500,264,0,1400.0,1221.6493708342155,247.5436999811791,2519.8884999845177,420.4810606060606
1774588011,5,,Aggregated,1.600000,0.000000,1400,1400,1500,1500,1600,1800,2100,2400,2500,2500,2500,265,0,1400.0,1222.0055633971363,247.5436999811791,2519.8884999845177,420.8754716981132
1774588012,5,,Aggregated,1.600000,0.000000,1400,1400,1500,1500,1600,1800,2100,2400,2500,2500,2500,266,0,1400.0,1222.385041730144,247.5436999811791,2519.8884999845177,421.312030075188
1774588013,5,,Aggregated,1.700000,0.000000,1400,1400,1500,1500,1600,1800,2100,2400,2500,2500,2500,267,0,1400.0,1222.7659490644453,247.5436999811791,2519.8884999845177,421.7003745318352
1774588014,5,,Aggregated,1.800000,0.000000,1400,1400,1500,1500,1600,1800,2100,2400,2500,2500,2500,269,0,1400.0,1219.95203420139,247.5436999811791,2519.8884999845177,420.30483271375465
1774588015,5,,Aggregated,1.600000,0.000000,1400,1400,1500,1500,1600,1800,2100,2400,2500,2500,2500,273,0,1400.0,1216.3322879129,247.5436999811791,2519.8884999845177,418.0842490842491
1774588016,5,,Aggregated,1.600000,0.000000,1400,1400,1500,1500,1600,1800,2100,2400,2500,2500,2500,273,0,1400.0,1216.3322879129,247.5436999811791,2519.8884999845177,418.0842490842491
1774588017,5,,Aggregated,1.700000,0.000000,1400,1400,1500,1500,1600,1800,2100,2400,2500,2500,2500,274,0,1400.0,1216.6871828474036,247.5436999811791,2519.8884999845177,418.4744525547445
1774588018,5,,Aggregated,2.000000,0.000000,1400,1400,1500,1500,1600,1800,2100,2400,2500,2500,2500,278,0,1400.0,1220.6382942452974,247.5436999811791,2519.8884999845177,420.43884892086334
